category,keyword,headline,body,press,url,crawled_at
복지지원사업,서울특별시 장애인 복지,"문성호 서울시의원, ‘시설 거주 장애인 주거권 보장’ 토론회 참석… ...","서울특별시의회 문성호 의원이 임기 만료를 앞두고 지난 29일 개최된 ‘시설 거주 장애인의 주거권 보장 및 지원방안을 위한 정책 토론회’에 직접 참석해 자리를 빛냈다. 문 의원은 일률적인 탈시설 정책의 문제점을 지적하고, 개개인의 특성을 반영한 ‘시 맞춤형 ’의 현주소와 발전 방향을...",서울신문,https://n.news.naver.com/mnews/article/081/0003657018?sid=102,2026-07-27 11:40:27
복지지원사업,서울특별시 장애인 복지,"서울중앙지법, 46회 장애인의 날 맞아 장애인 사법지원 간담회 개최","올해 간담회에는 한국지적발달장애인복지협회, 서울특별시농아인협회가 참석했다. 장애인 사법지원 전문가로는 신권철 서울시립대 교수와 이정민 대한변호사협회 변호사가 자리했다. 간담회에서는 농인에 대한 정보 없이 수어통역을 하는 것에는 한계가 있고, 수어통역 뿐 아니라 농통역을 통한 중개통역이...",머니투데이,https://n.news.naver.com/mnews/article/008/0005348595?sid=102,2026-07-27 11:40:30
복지지원사업,서울특별시 장애인 복지,"“장애인 ‘입는 불편’ 덜어준다”…유니클로, 맞춤 리폼 지원","유니클로, 서울시·한국뇌성마비복지회와 함께 '2026 장애인의류리폼지원 사업' 진행 (사진=유니클로) 유니클로는 서울특별시, 한국뇌성마비복지회와 함께 ‘2026 장애인의류리폼지원 사업’을 진행한다고 20일 밝혔다. 장애로 기성복 착용이 어려운 뇌병변·지체 을 대상으로 맞춤형 의류를 제공하는...",이데일리,https://n.news.naver.com/mnews/article/018/0006261575?sid=101,2026-07-27 11:40:30
복지지원사업,서울특별시 장애인 복지,"“장애인의 건강한 일상회복 위해”…365mc·서울교통공사, ‘아트건강...","해당 사업은 체중 관리와 건강한 생활 유지에 어려움을 겪는 발달장애인을 대상으로 한 맞춤형 건강 지원 프로그램으로, 서울특별시중구장애인복지관과의 협업을 통해 진행된다. 지원 사업은 △전문 트레이너가 참여하는 단체 운동 △건강한 요리 만들기 △식단 조절을 위한 부모 교육 △점핑•플로깅...",스포츠경향,https://n.news.naver.com/mnews/article/144/0001098080?sid=103,2026-07-27 11:40:30
복지지원사업,서울특별시 장애인 복지,"""장애인 일상 회복 위해""…365mc, 서울교통공사와 '기부 캠페인'","이 사업은 체중 관리와 건강한 생활 유지의 어려움을 겪는 발달장애인을 대상으로 한 맞춤형 건강 지원 프로그램으로, 서울특별시중구장애인복지관과의 협업을 통해 진행된다. 지원 사업은 △전문 트레이너가 참여하는 단체 운동 △건강한 요리 만들기 △식단 조절을 위한 부모 교육 △점핑·플로깅·개인...",뉴스1,https://n.news.naver.com/mnews/article/421/0008772406?sid=105,2026-07-27 11:40:30
복지지원사업,서울특별시 장애인 복지,"한화 건설부문, 서울특별시장애인복지시설협회와 이천시에 ‘포레나 도...",박영서 새생명의집 원장(첫 번째 줄 가운데)과 ㈜한화 건설부문 및 서울특별시장애인복지시설협회 임직원 등 참석자들이 포레나 도서관 104호점 개관을 축하하고 있다. 한화 건설부분 제공 이날 개관식에는 박영서 새생명의집 원장과 시설 관계자들을 비롯해 ㈜한화 건설부문 및 시설협회...,세계일보,https://n.news.naver.com/mnews/article/022/0004071340?sid=101,2026-07-27 11:40:34
복지지원사업,서울특별시 장애인 복지,"재정공제회, 장애인 공동생활가정 106곳에 '사랑의 DIY 가구' 기부","한국지방재정공제회(이사장 정선용, LOFA)는 지난 16일 서울특별시장애인복지시설협회와 함께 서울복지타운에서 '장애인·소상공인 지원을 위한 임직원 DIY 가구 제작 봉사활동'을 실시했다고 20일 밝혔다. 이번 봉사활동은 재정공제회 임직원이 직접 가구를 제작·기부하는 참여형 사회공헌활동으로, 장애인...",아시아경제,https://n.news.naver.com/mnews/article/277/0005709115?sid=102,2026-07-27 11:40:34
복지지원사업,서울특별시 장애인 복지,"중구 장애인복지관, 경륜경정본부 동대문지점과 함께하는 장애인의 온열...",서울특별시중구장애인복지관(관장 문중호)은 지난 4월 25일 국민체육진흥공단 경륜경정총괄본부 동대문지점(지점장 김미숙)과 중구 저소득 장애인의 온열질환 예방을 위한 후원품(온누리상품권 200만원) 전달식을 진행하였다. 이 후원금은 체온 조절이 어려운 들의 쾌적한 수면 환경 조성을 위해 여름...,스포츠경향,https://m.sports.naver.com/general/article/144/0001053525,2026-07-27 11:40:39
복지지원사업,서울특별시 장애인 복지,"서울시, 거주시설 장애인 지원사업 재편…자기결정권·자립역량↑","사업 참여를 희망하는 장애인은 본인이 거주하는 시설 담당자와 함께 개인 맞춤형 개별지원서비스 계획서 작성 후 서울특별시 장애인복지시설협회에 7월 4일까지 제출하면 된다. 전문가로 구성된 심의위원회가 계획서 심사와 심의를 거쳐 최종 대상자와 금액을 확정한다. 단 지원금 사용처가 도박, 술, 담배...",뉴시스,https://n.news.naver.com/mnews/article/003/0013317300?sid=102,2026-07-27 11:40:44
복지지원사업,서울특별시 장애인 복지,"서울시, 장애인의 날 맞아 장애인콜택시·버스 하루 종일 무료운행","공단은 올해 서울시장이 수여하는 ‘서울특별시 복지상’ 장애인 분야 우수상을 수상했다. 이 상은 장애인 사회참여 활성화 등 장애인 복지 증진에 기여한 시민과 단체에 수여하는 상으로, 단체로서는 유일하게 복지상 장애인 분야 수상 영예를 안았다. 한국영 시설공단 이사장은 “시설공단은...",세계일보,https://n.news.naver.com/mnews/article/022/0004028993?sid=102,2026-07-27 11:40:55
복지지원사업,서울특별시 장애인 복지,"10년 만에 최고매출, 간미연도 놀라…장애인 생산품 첫 완판ㆍ최대 매출...","한편, 이번 9월 행사의 개장식에는 이상헌 한국장애인직업재활시설협회 회장, 국회 보건복지위원회 소속 김예지 · 서미화 · 최보윤 국회의원, 은성호 보건복지부 인구사회서비스정책실 실장, 이경혜 한국장애인개발원 원장, 김영옥 의회 보건위원회 위원장 등이 참석했다. ‘생산품...",스포츠경향,https://n.news.naver.com/mnews/article/144/0001035355?sid=101,2026-07-27 11:41:02
복지지원사업,서울특별시 장애인 복지,미사리 물살 가른 장애인 조정 열전... 서울시장배 전국장애인조정대회...,"기록보다 중요한 건 안전… 선수 지원 확대 의지도 밝혀 정희영 서울특별시장애인체육회 부회장(숭실사이버대학교 스포츠재활복지학과 교수)은 선수들의 안전을 가장 먼저 강조했다. 정 부회장은 ""기온이 높아지는 시기인 만큼 선수들이 건강 관리와 안전에 유의해주길 바란다""며 ""훈련 과정에서 흘린 땀과...",STN 뉴스,https://m.sports.naver.com/general/article/450/0000151691,2026-07-27 11:41:02
복지지원사업,서울특별시 장애인 복지,"금호석화, 중증장애인 27명 맞춤형 보장구 지원",금호석유화학은 서울특별시 소재 장애인 복지 시설에 거주하는 중증장애인 27명을 대상으로 6700만원 상당의 맞춤형 보장구를 지원한다고 20일 밝혔다. 이날 백종훈 대표이사와 임직원들은 경기도 광주 초록우산 어린이재단 산하 한사랑마을에 직접 방문해 후원금을 전달했다. 보장구는 중증의 신체...,동행미디어 시대,https://n.news.naver.com/mnews/article/417/0001084405?sid=101,2026-07-27 11:41:46
복지지원사업,서울특별시 장애인 복지,"서울시설공단, 장애인의 날 맞아 장애인콜택시·버스 무료운행",올해 서울시장이 수여하는 ‘서울특별시 복지상’에서도 장애인 분야 우수상을 수상했다. 단체로서는 유일하게 수상의 영예를 안았다. 장애인 사회참여 활성화 등 장애인 복지 증진에 기여한 공로를 인정받았다. 앞서 지난 15일에는 평소 외출이 어려운 중증장애어린이 20여 명을 양평치즈마을로 초청해...,파이낸셜뉴스,https://n.news.naver.com/mnews/article/014/0005338085?sid=102,2026-07-27 11:42:06
복지지원사업,서울특별시 장애인 복지,"""장애인 권리, 시설 안에 머물 수 없다""[내가 만드는 복지국가]",탈시설은 복지의 확대가 아닌 시민권의 문제다 그러나 최근 한국 사회는 탈시설의 방향으로 나아가기보다 오히려 퇴행하고 있다. 서울특별시는 2024년 '서울특별시 장애인 탈시설 및 지역사회 정착지원에 관한 조례'를 제정된지 2년 만에 폐지했다. 이에 더해 일부 정치권과 시설 중심 단체들은 탈시설 정책을...,프레시안,https://n.news.naver.com/mnews/article/002/0002441500?sid=102,2026-07-27 11:42:16
복지지원사업,서울특별시 장애인 복지,"보건사회연구원, 9일 장애인 개인예산제 공동세미나 개최","이번 세미나는 보사연과 한국장애인복지학회를 비롯해 보건복지부, 서울특별시, 한국장애인자립생활센터총연합회, 한국장애인개발원, 한국장애인재단, 한국장애인복지관협회가 공동 주최한다. 한국장애인복지학회 월례세미나를 겸해 열리는 세미나에서 부, 시, 한국자립생활센터총연합회가...",헤럴드경제,https://n.news.naver.com/mnews/article/016/0002454334?sid=102,2026-07-27 11:42:25
복지지원사업,서울특별시 장애인 복지,따뜻한 소비 통했다. 9일 청계광장 뜨거운 반응 장애인생산품 첫 완판,"사단법인 한국장애인직업재활시설협회가 주최한 이번 행사의 개장식에는 이상헌 한국장애인직업재활시설협회 회장, 국회 보건복지위원회 소속 김예지 · 서미화 · 최보윤 국회의원, 은성호 보건복지부 인구사회서비스정책실 실장, 이경혜 한국개발원 원장, 김영옥 의회 보건위원회...",스포츠경향,https://n.news.naver.com/mnews/article/144/0001032199?sid=103,2026-07-27 11:42:26
복지지원사업,서울특별시 장애인 복지,오승록 노원구청장 ‘제22회 서울특별시 발달장애인 농구잔치’ 참석,"'제22회 서울특별시 발달장애인 농구잔치'는 서울시장애인복지시설협회 주관으로, 농구라는 체육활동을 통해 발달장애인들의 자신감을 향상시키고 장애인의 건강한 삶을 도모함과 동시에 서울시민의 장애인식을 개선하기 위해 마련됐다. 특히 올해는 코로나19 팬데믹과 이태원 참사로 인한 애도, 전국적인...",아시아경제,https://n.news.naver.com/mnews/article/277/0005448407?sid=102,2026-07-27 11:42:36
복지지원사업,서울특별시 장애인 복지,"서울시장애인체육회,'88패럴림피언 출신' 권익태 신임 사무처장 선임[오...","강원도장애인체육회, 강원도장애인종합복지관, 서울시립북부장애인복지관, 서울특별시장애인체육회를 거치며 장애인 체육 및 복지 분야에서 실무 경험을 쌓아온 선수 출신 행정가다. 특히 한국장애인고용공단과 협업해 체육직무를 개발, 선수의 기업 연계 및 취업을 이끄는 구조를 마련해...",스포츠조선,https://m.sports.naver.com/general/article/076/0004238199,2026-07-27 11:42:36
복지지원사업,서울특별시 장애인 복지,"유니클로, 서울시∙한국뇌성마비복지회와 함께 ‘2026 장애인의류리폼...","유니클로 관계자는 “올해 서울특별시 및 한국뇌성마비복지회와의 업무협약을 통해 장애인의류리폼지원 사업이 한 단계 더 확장될 수 있는 토대를 마련하게 되어 뜻깊게 생각한다”며, ”본 사업을 통해 장애로 인해 기성복 착용이 어려운 분들의 불편함이 조금이나마 해소되고 보다 편리한 일상을 경험할...",스포츠경향,https://n.news.naver.com/mnews/article/144/0001111021?sid=103,2026-07-27 11:42:48
복지지원사업,서울특별시 장애인 복지,"한국지방재정공제회(LOFA), 연말 맞이 서울시 장애인 공동생활가정 자립...","한국지방재정공제회(이사장 이인재, 이하 재정공제회)는 연말을 맞아 서울시 장애인의 자립 지원을 위해 서울특별시장애인복지시설협회(회장 허곤, 이하 협회)를 방문하여 3,000만 원의 후원금을 전달했다고 밝혔다. 재정공제회는 후원과 더불어 지난 19일, 임직원이 직접 참여하는 봉사활동 ‘달곰한 선물’...",매일경제,https://n.news.naver.com/mnews/article/009/0005418842?sid=101,2026-07-27 11:43:01
복지지원사업,서울특별시 장애인 복지,서울시 교통문화상 대상에 '영등포구 장애인사랑나눔의 집',"사고 상담·무료 셔틀버스 운행 등 장애인 교통복지 기여 서울시는 2024년도 '서울특별시 교통문화상' 대상 수상자로 영등포구 장애인사랑나눔의 집을 선정했다고 23일 밝혔다. 영등포구 장애인사랑의나눔의 집은 17년간 교통사고 상담, 무료 셔틀버스 운행 등 사업을 적극 추진해왔다. 또...",연합뉴스,https://n.news.naver.com/mnews/article/001/0015121009?sid=102,2026-07-27 11:43:01
복지지원사업,서울특별시 장애인 복지,"발달장애인 맘껏 바깥생활 할 수 있게···강남구, 배상책임보험 가입...","구는 이를 위해 ‘서울특별시 강남구 발달장애인의 사회활동을 위한 보험가입 및 지원 조례’를 마련, 지난 3월 구의회의 심의·의결을 거쳤다. 구... 강남구에 거주하는 발달장애인은 올해 4월 기준 1885명으로, 2022년(1631명)보다 15.6% 늘었다. 지원 대상은 강남구에 주소를 둔 법상 등록...",경향신문,https://n.news.naver.com/mnews/article/032/0003444313?sid=102,2026-07-27 11:43:14
복지지원사업,서울특별시 장애인 복지,"""일반 가정도 힘든데""... 동작구, 장애인 부모 양육수당 신설","▲ 동작구청 ⓒ 박정길 ""일반 가정도 아이 키우기 힘든데, 장애를 가진 부모들은 더 힘들 수밖에 없잖아요."" 기자가 동작구청 장애인복지과로 전화를... 동작구는 앞서 '서울특별시 동작구 장애인 가족 지원 조례'를 개정해 제도적 기반을 마련했다. 일회성 지원이 아닌 지속적인 양육 지원 체계를 구축하겠다는...",오마이뉴스,https://n.news.naver.com/mnews/article/047/0002514969?sid=102,2026-07-27 11:43:28
복지지원사업,서울특별시 장애인 복지,시각장애인 회원 오자 ‘점자기’ 산 트레이너… “이건 내가 해야 할 ...,영상의 주인공은 서울특별시 구로구의 한 헬스장에서 근무하는 정지우(28)씨다. 그는 시각장애인 회원 A씨가 헬스장에 등록하자 사비로 휴대용 점자기... 사설 헬스장에서 이런 배려를 받아본 게 처음이라며 기뻐하시는 모습을 보면 나도 보람을 느낀다.” -농아노인센터에서도 강사로 활동 중이라고 들었다....,헬스조선,https://n.news.naver.com/mnews/article/346/0000109138?sid=004,2026-07-27 11:43:42
복지지원사업,서울특별시 장애인 복지,"용산구, 심폐소생술 교육 확대…외국인·청각장애인까지 ‘무장벽 교육...","구는 아동복지시설과 서울역 인근 쪽방촌 등을 대상으로 방문 교육을 추진 중이며, 민간 전문 교육기관과 협력해 맞춤형 교육도 제공할 계획이다. 외국인과 청각장애인을 위한 ‘무장벽(배리어프리) 교육’도 추진한다. 지난 4월 16일에는 이태원글로벌빌리지센터와 협력해 전문 통역사와 인공지능(AI)...",문화일보,https://n.news.naver.com/mnews/article/021/0002788976?sid=102,2026-07-27 11:43:57
복지지원사업,서울특별시 장애인 복지,"서울의료원, 장애인의 날 맞아 ‘장애친화 건강검진의 날’ 개최","서울특별시 서울의료원(의료원장 이현석)이 장애인의 날을 기념해 장애인과 가족만을 위한 ‘장애친화 건강검진의 날’을 개최하였다. 장애인의 재활과... 이날 검진에는 푸르메재단이 운영하는 서울장애인종합복지관, 종로관 이용 과 주 돌봄자인 가족 총 30명이 참여하였다. 참여 중...",이데일리,https://n.news.naver.com/mnews/article/018/0006261803?sid=102,2026-07-27 11:44:13
복지지원사업,서울특별시 장애인 복지,"금호석유화학, 장애인복지시설에 맞춤형 보장구 지원",백종훈 금호석유화학 대표(왼쪽)와 허곤 서울특별시장애인복지시설협회 회장 (사진=금호석화) 전날 백종훈 금호석유화학 대표와 임직원들은 서울시 마포구에 위치한 서울복지타운을 방문해 맞춤형 보장구 지원금 6천390만원을 전달했다. 이어 시설 관계자들과 맞춤형 보장구 보급 필요성에 공감하며 앞으로도...,지디넷코리아,https://n.news.naver.com/mnews/article/092/0002335924?sid=105,2026-07-27 11:44:30
복지지원사업,서울특별시 장애인 복지,유니클로 2026 장애인의류리폼지원 사업 진행,기성복 착용에 어려움을 겪는 참여자 400명에 1600장 지원 글로벌 패션 브랜드 유니클로가 서울특별시 및 사단법인 한국뇌성마비복지회와 함께 ‘2026 장애인의류리폼지원 사업’을 진행한다고 20일 밝혔다. 이 사업은 장애로 기성복 착용에 어려움을 겪는 에게 맞춤형 리폼 의류를 지원한다. 과...,매일경제,https://n.news.naver.com/mnews/article/009/0005668418?sid=103,2026-07-27 11:45:22
복지지원사업,서울특별시 장애인 복지,"동작구, 장애인 가정에 월 10만원 양육지원수당 신설","구는 지난달 '서울특별시 동작구 장애인 가족 지원 조례'를 개정해 제도적 기반을 마련했다. 일회성 지원에 그치지 않고 양육 전반에 걸친 지속적인... 자세한 사항은 동작구청 장애인복지과(02-820-9125)로 문의하면 된다. 박일하 동작구청장은 "" 가정이 지역사회 안에서 안정된 일상을 이어갈 수 있도록...",아시아경제,https://n.news.naver.com/mnews/article/277/0005752909?sid=102,2026-07-27 11:45:23
복지지원사업,서울특별시 장애인 지원,"덴컴, 서부장애인치과병원과 AI 진료 플랫폼 도입","치과 인공지능 전문기업 덴컴은 서울특별시 서부장애인치과병원과 손잡고 치과 진료 현장에 인공지능(AI) 솔루션을 도입하기 위한 계약을 체결했다고... 덴컴의 AI 솔루션은 치과 진료에 특화된 경량화 언어모델을 활용해 복잡한 치과 전문 용어를 정확히 인식하고 기록하며, 다양한 언어 으로 여러...",이데일리,https://n.news.naver.com/mnews/article/018/0006334687?sid=102,2026-07-27 11:45:26
복지지원사업,서울특별시 장애인 지원,"인권위, 색동원 등 장애인거주시설 수사 과정 직권조사 개시","국가인권위원회(이하 인권위) 장애인차별시정위원회는 경찰청, 서울특별시경찰청 및 장애인거주시설 인권침해 사건을 수사한 경찰관서를 대상으로 지난... 여성 장애인 등에 대한 성폭력·인권침해 의혹이 제기돼 사회적 관심을 받은 사건으로, 경찰의 피해자 조사 과정에서 진술 조력 및 신뢰관계인 이...",여성신문,https://n.news.naver.com/mnews/article/310/0000138183?sid=102,2026-07-27 11:45:26
복지지원사업,서울특별시 장애인 지원,장애인 고용 대신 부담금 내며 버티는 기관들...공공부문은 경기교육청...,"이어 경상남도교육청 107억원, 경상북도교육청 93억원, 서울특별시교육청 91억원 순이었다. 상위 5곳 중 국방부를 제외한 4곳이 교육청이었다. 장애인... 교육청들은 “장애인 교원을 늘리고 싶어도 임용시험을 거쳐야 하기 때문에 채용이 제한적이다”는 설명이다. 자 풀 자체가 부족하고...",조선일보,https://n.news.naver.com/mnews/article/023/0003985985?sid=102,2026-07-27 11:45:27
복지지원사업,서울특별시 장애인 지원,"‘민간기업 협력 첫 사례’ 서울특별시장애인체육회, ‘제2회 코웨이컵...","이번 대회는 서울특별시장애인체육회가 ‘스포츠를 통한 사회통합 및 사회적 가치 기여’를 실현하기 위해 민간기업과 공동 주최한 대회로 행정 및 예산을 지원하여 추진한 첫 사례다. 이날 경기고, 세종고 등 수도권 지역 8개 고등학교에서 125명의 학생 선수를 비롯해 지도자, 학교장 등 약 200여 명이 참석해...",스포츠서울,https://m.sports.naver.com/basketball/article/468/0001253376,2026-07-27 11:45:27
복지지원사업,서울특별시 장애인 지원,"손끝으로 읽고 귀로 막았다... 전국 시각장애인 쇼다운, 서울서 이틀간...","서울 선수단 메달 6개… 선수 육성 계속 지원 개최지 서울 선수단도 값진 성과를 거뒀다. 금메달 2개와 은메달 2개, 동메달 2개를 획득하며 모두 6개의 메달을 목에 걸었다. 정희영 서울특별시장애인체육회 부회장(숭실사이버대학교 스포츠재활복지학과 교수)은 ""대회를 위해 흘린 선수들의 땀과 노력에 아낌없는...",STN 뉴스,https://m.sports.naver.com/general/article/450/0000152195,2026-07-27 11:45:32
복지지원사업,서울특별시 장애인 지원,"서울시, 장애인 평생교육 조례 손질…2027년 시행 앞두고 지원체계 정비",11일 서울시에 따르면 시는 지난 4일 '서울특별시 장애인 평생교육 지원 조례 전부개정조례안'을 입법예고했다. 의견 제출 기한은 오는 24일까지다. 장애인평생교육법은 지난해 10월 국회 본회의를 통과한 뒤 같은 해 11월 공포됐다. 의 평생교육 참여 권리를 보장하고 자립생활과 사회참여를 촉진하기 위한...,뉴스1,https://n.news.naver.com/mnews/article/421/0008997051?sid=102,2026-07-27 11:45:32
복지지원사업,서울특별시 장애인 지원,"“지방 관리에서 나눔까지”… 365mc, 아트건강기부로 장애인 건강","해당 사업은 체중 관리와 건강한 생활 유지에 어려움을 겪는 발달장애인을 대상으로 한 맞춤형 건강 지원 프로그램으로, 서울특별시중구장애인복지관과의 협업을 통해 진행된다. 지원 사업은 △전문 트레이너가 참여하는 단체 운동 △건강한 요리 만들기 △식단 조절을 위한 부모 교육 △점핑·플로깅...",스포츠월드,https://n.news.naver.com/mnews/article/396/0000735672?sid=103,2026-07-27 11:45:36
복지지원사업,서울특별시 장애인 지원,"[주장] 서울시 장애인콜, 시내요금만큼은 기본 요금으로 운영돼야","ⓒ 서울특별시 시각장애인 플러스 지원센터 시각장애인, 지체장애인, 중증장애인에게 복지콜, 장애인콜, 바우처콜은 필수불가결한 이동 수단이다. 많은 중증장애인들은 이 교통수단을 통해 병원을 가고 복지관을 가며, 친구를 만나 취미 생활을 즐기기도 한다. 비들도 택시나 버스, 지하철 등...",오마이뉴스,https://n.news.naver.com/mnews/article/047/0002499568?sid=102,2026-07-27 11:45:40
복지지원사업,서울특별시 장애인 지원,"동아오츠카, 장애인 체육 분야 후원 공로 인정 받아 표창 수상","동아오츠카는 2025 서울특별시 장애인생활체육대회 음료 지원, ‘2025 제11회 시각장애인과 함께하는 어울림마라톤’ 공식음료 참여, 2년 연속 ‘파랑달벗’ 프로그램 운영을 통한 시각장애 러너 및 가이드 러너 지원 등 장애인 체육 활성화와 참여 저변 확대에 꾸준히 기여해 온 점을 높이 평가받아...",뉴시스,https://n.news.naver.com/mnews/article/003/0013665294?sid=101,2026-07-27 11:45:40
복지지원사업,서울특별시 장애인 지원,"성동구의회 이영심 의원, 시각장애인 권익 향상 공로 ‘감사패’ 받아","아울러 제285회 정례회에서는 ‘서울특별시 성동구 장애인 가정 출산 지원금 지원 조례안’을 발의해 장애인 가정의 경제적 부담 완화와 출산·양육 환경 개선을 위한 제도적 지원에도 힘썼다. 서울시 시각장애인연합회 성동구지회는 감사패를 통해 “아낌없는 과 따뜻한 관심을 보내주셨으며, 그 헌신과...",서울신문,https://n.news.naver.com/mnews/article/081/0003602383?sid=102,2026-07-27 11:45:41
복지지원사업,서울특별시 장애인 지원,"홈플러스, 발달장애인 자립 지원…서울특별시 어린이병원과 맞손",홈플러스가 ESG(환경·사회·지배구조) 경영의 일환으로 서울특별시 어린이병원과 함께 '발달장애인 사회 및 경제적 자립기반 마련 업무협약'을 체결했다고... 홈플러스는 지난해 6월부터 '서울시 장애인 일자리 통합지원센터'에서 예술 을 추천 받아 문화·예술 의 직접 고용을 통한 자립 활동을...,뉴시스,https://n.news.naver.com/mnews/article/003/0013060851?sid=101,2026-07-27 11:45:51
복지지원사업,서울특별시 장애인 지원,"서울 마포구, 장애인 자동차 무상 점검…각종 소모품 교체비용도",마포구는 지원을 위해 지난해 '서울특별시 마포구 장애인 자동차 안전점검 지원에 관한 조례'를 제정하고 올해 3월4일 서울시자동차전문정비사업조합 마포구지회와 업무협약을 맺었다. 지원 대상은 마포구 장애인 자동차 중 주차 가능 표지를 발급받은 차량이다. 구는 상하반기 각 150대씩 선착순으로 신청을...,데일리안,https://n.news.naver.com/mnews/article/119/0002933825?sid=102,2026-07-27 11:46:06
복지지원사업,서울특별시 장애인 지원,"퍼플엘리펀트, 시각장애인과 함께하는 ‘어울림 마라톤대회’ 참가",올해로 12회를 맞은 ‘시각장애인과 함께하는 어울림 마라톤대회’는 서울특별시장애인체육회가 주최하고 서울시각장애인스포츠연맹... 퍼플엘리펀트 관계자는 “장애인과 신경다양인 등 취업 취약계층이 자신의 강점을 기반으로 커리어를 설계하고 성장할 수 있도록 다방면에서 하고 있다”며...,동아일보,https://n.news.naver.com/mnews/article/020/0003727170?sid=101,2026-07-27 11:46:06
복지지원사업,서울특별시 장애인 지원,돕는 일이니까...보쉬 임직원들이 시각장애인과 함께하는 어울림 마라톤...,"대회 후원금 및 참가비는 시각장애인 이동권 개선 및 발전 기금, 스포츠 활동 지원 기금에 전액 사용된다. 이번 대회는 서울특별시장애인체육회와 서울시각장애인스포츠연맹이 주최하고 실명퇴치운동본부와 주한독일상공회의소 등이 공동 주관했다. 보쉬에서는 로버트보쉬코리아를 비롯해 보쉬전장...",OSEN,https://n.news.naver.com/mnews/article/109/0005553699?sid=103,2026-07-27 11:46:16
복지지원사업,서울특별시 장애인 지원,"서울시장애인체육회, '생성형 AI·스포츠 멘탈케어' 역량강화교육","서울특별시장애인체육회가 24일 송파구 가든파이브툴의 대교육장에서 서울시 내 민간·공공 기업 소속 장애인체육 선수와 지도자, 그리고 취업을... 교육했고, ▲장애인선수단 창단지원사업 ▲장애인선수 취업 정보 제공 등을 안내했다. 특히 훈련 성과 보고서 자동화 작성 및 개인 훈련 계획 수립에 생성형 AI를...",뉴시스,https://m.sports.naver.com/general/article/003/0014027051,2026-07-27 11:46:27
복지지원사업,서울특별시 장애인 지원,"CJ대한통운, 장애인 스포츠단 창단…“10개 종목서 21명 정식 채용”","이날 행사에는 CJ대한통운 윤진 한국사업부문대표와 김유승 인사지원실장, 정희영 서울특별시장애인체육회 부회장, 홍성훈 한국장애인고용공단 서울지역본부장, 장애인 선수 및 보호자 30여 명이 참석했다. 이번 협약식을 통해 CJ대한통운은 청각축구, 골볼, 휠체어럭비, 사이클, 스노보드, 당구, 사격...",헤럴드경제,https://n.news.naver.com/mnews/article/016/0002495367?sid=101,2026-07-27 11:46:28
복지지원사업,서울특별시 장애인 지원,"CJ대한통운, 장애인 스포츠단 창단…""훈련도 근로시간 인정""","이날 행사에는 CJ대한통운 윤진 한국사업부문 대표와 김유승 인사지원실장, 정희영 서울특별시장애인체육회 부회장, 홍성훈 한국장애인고용공단 서울지역본부장, 장애인 선수 및 보호자 30여 명이 참석했다. 이번 협약식을 통해 CJ대한통운은 △청각 축구 △골볼 △휠체어럭비 △사이클 △스노보드 △당구...",뉴스1,https://n.news.naver.com/mnews/article/421/0008352722?sid=101,2026-07-27 11:47:04
복지지원사업,서울특별시 장애인 지원,"금천구, 장애인 재활협의체 개최…방문재활 연계방안 논의","서울 금천구가 장애인 건강관리와 지역사회 복귀 지원을 위해 보건·복지기관이 참여하는 재활협의체 회의를 열고 방문재활 서비스 연계 방안을... 이날 회의에는 금천구보건소와 서울특별시남부지역장애인보건의료센터, 현대케어, 금천종합복지관, 금천호암노인복지관, 금천수어통역센터...",뉴스1,https://n.news.naver.com/mnews/article/421/0009009969?sid=102,2026-07-27 11:47:16
복지지원사업,서울특별시 장애인 지원,마포 “장애인 차량 안전점검 지원해드려요”,마포구는 지난해 ‘서울특별시 마포구 장애인 자동차 안전점검 지원에 관한 조례’를 제정하고 이달 4일 서울시자동차전문정비사업조합 마포구지회와 업무협약을 맺고 본격적인 지원을 시작한다고 17일 밝혔다. 지원 대상은 마포구 자동차 중 주차 가능 표지를 발급받은 차량이다. 마포구는...,서울신문,https://n.news.naver.com/mnews/article/081/0003525639?sid=100,2026-07-27 11:47:38
복지지원사업,서울특별시 장애인 지원,"넷마블조정선수단, ‘2026 서울특별시장배 전국장애인조정대회’서 21개...",서울특별시장애인체육회가 주최하고 서울특별시장애인조정연맹과 대한장애인조정연맹이 주관하는 이번 대회는 수상 및 실내 종목을 비롯해 성별... 강이성 넷마블조정선수단 선수는 “작년에는 부상도 있었는데 안정적인 덕분에 재활에 집중할 수 있었고 올해 좋은 결과까지 낼 수 있게 되어...,디지털타임스,https://n.news.naver.com/mnews/article/029/0003029465?sid=105,2026-07-27 11:48:14
복지지원사업,서울특별시 장애인 지원,"넷마블조정선수단, '서울시장배 전국장애인조정대회'서 메달 21개 획득","서울특별시장애인체육회가 주최하고 서울특별시장애인조정연맹과 대한장애인조정연맹이 주관하는 이번 대회는 수상 및 실내 종목을 비롯해 성별(남... 넷마블조정선수단 강이성 선수는 ""작년에는 부상도 있었는데 안정적인 덕분에 재활에 집중할 수 있었고 올해 좋은 결과까지 낼 수 있게 되어...",포모스,https://m.sports.naver.com/general/article/236/0000255246,2026-07-27 11:48:28
복지지원사업,서울특별시 장애인 지원,"금빛 물살 가른 넷마블... 장애인조정팀, 서울시장배서 메달 21개 수확","넷마블조정선수단이 '2026 서울특별시장배 전국장애인조정대회'에서 금메달 12개를 포함해 총 21개의 메달을 쓸어 담으며 장애인 체육 지원의 모범 사례를 입증했다. 단순 후원을 넘어 선수들의 재활과 자립, 사회 참여까지 뒷받침하는 스포츠 ESG 경영이 현장에서 성과로 이어지고 있다는 평가다. 노 젓는 도전...",STN 뉴스,https://m.sports.naver.com/general/article/450/0000151747,2026-07-27 11:48:29
복지지원사업,서울특별시 장애인 지원,"주한독일상공회의소, 6월 13일 시각장애인 마라톤대회 한독 커뮤니티 1...","이 플랫폼은 행사 사진 속 참가자가 자신의 사진을 빠르게 찾을 수 있도록 돕고, ‘국내 1호 시각장애인 패럴림픽 마라토너 도전 프로젝트’를 통해 시각장애 마라토너 김정하 선수의 2028 LA 패럴림픽 출전도 지원하고 있다. 이번 대회는 체육회가 주최하고...",서울신문,https://n.news.naver.com/mnews/article/081/0003646791?sid=101,2026-07-27 11:50:14
복지지원사업,서울특별시 장애인 지원,"“장애인 일상 지켜요”…영등포구, 장애인 정보통신 보조기기 최대 90...","과학기술정보통신부, 서울특별시와 진행하는 이 사업은 장애 유형에 적합한 보조기기 구매 비용을 지원해 정보 격차를 줄이고 생활 편의를 높이기 위해 마련됐다. ‘장애인복지법’에 따라 등록된 장애인과 ‘국가유공자 등 예우 및 에 관한 법률’에 따른 상이등급 판정자가 대상이다. 보급 품목은...",서울신문,https://n.news.naver.com/mnews/article/081/0003644829?sid=102,2026-07-27 11:50:44
복지지원사업,서울특별시 장애인 지원,"[포토] 관악구, 시각장애인 크루즈 나들이 자원봉사활동","관악구는 29일 관악구자원봉사센터, 동국제약과 함께 서울특별시시각장애인연합회 관악구지회 소속 시각장애인들을 대상으로 ‘시각장애인 크루즈... 이날 행사에는 시각장애인 20명을 비롯해 자원봉사센터 직원, 동국제약 임직원, 활동사 등 총 75명이 참여했으며, 동국제약 임직원과 시각이 2:1로...",이데일리,https://n.news.naver.com/mnews/article/018/0006294824?sid=100,2026-07-27 11:50:44
복지지원사업,서울특별시 장애인 지원,"조이웍스, 육상 국가대표 출신과 시각장애인 가이드러닝 클래스 진행","6월에 열리는 서울특별시장애인체육회∙서울시각장애인스포츠연맹 주최 어울림마라톤 참가를 앞두고 있다. 왼쪽부터 장호준 코치, 장지은 가이드런프로젝트 대표, 선지원 시각장애인 육상 선수. 사진 제공 = 조이웍스 조이웍스는 가이드러닝 클래스 참가자 50여명에게 러닝용품과 전문가의 1:1 맞춤 마라톤...",스포츠월드,https://n.news.naver.com/mnews/article/396/0000745515?sid=103,2026-07-27 11:50:44
복지지원사업,서울특별시 장애인 지원,"서울시, 장애인 평생교육 전문 강사 모집…디지털·AI 과정 편성",이들을 다양한 기관과 연계해 찾아가는 장애인 평생교육 프로그램 운영을 지원하고 있다. 한용진 서울특별시평생교육진흥원장은 “장애인 평생교육 현장에서 교육을 설계하고 운영할 수 있는 전문 강사에 대한 수요가 꾸준히 늘고 있다”며 “디지털·AI 시대의 변화에 맞춰 강사 양성 과정을 꾸준히...,이데일리,https://n.news.naver.com/mnews/article/018/0006278712?sid=100,2026-07-27 11:50:45
복지지원사업,서울특별시 장애인 지원,"조이웍스, 前 육상 국가대표 장호준·가이드런프로젝트와 시각장애인 러...","6월에 열리는 서울특별시장애인체육회·서울시각장애인스포츠연맹 주최 어울림마라톤 참가를 앞두고 있다. 조이웍스는 가이드러닝 클래스 참가자에게... 아마추어 선수 지원은 물론, 러너들이 더 좋은 환경에서 달릴 수 있도록 사람과 사회에 긍정적인 영향을 주는 활동을 지속해 나가겠다”고 말했다.",한국경제TV,https://n.news.naver.com/mnews/article/215/0001253701?sid=102,2026-07-27 11:51:16
복지지원사업,서울특별시 장애인 지원,중랑구 ‘서울시 자치구 장애인체육회 평가’ 2년 연속 최고등급(S등급...,구는 이번 평가 결과에 따라 2025년 생활체육교실 및 동호회 지원사업 예산을 최고 수준으로 확보하게 된다. 이를 통해 장애인 생활체육 프로그램 확대와 체육복지 실현에 더욱 박차를 가할 계획이다. 류경기 중랑구청장은 “생활체육대회 종합우승에 이어 자치구 체육회 운영...,아시아경제,https://n.news.naver.com/mnews/article/277/0005520774?sid=102,2026-07-27 11:51:16
복지지원사업,서울특별시 장애인 지원,시각장애인과 함께 걷는다… KGCCI 공동 사회공헌 활동 전개,"올해 행사에는 AI 기반 사진 검색 서비스도 도입돼 참가자가 행사 사진을 보다 쉽게 확인할 수 있도록 지원한다. 이번 대회는 서울특별시장애인체육회가 주최하고 서울시각장애인스포츠연맹, 실명퇴치운동본부, KGCCI가 공동 주관한다. 과 비이 함께 참여하는 프로그램을 통해 건강 증진과...",헤럴드경제,https://n.news.naver.com/mnews/article/016/0002648183?sid=103,2026-07-27 11:51:16
장애인콜택시,서울특별시 장애인 콜택시,"[단독] 서울시, 하반신 장애인 콜택시 거부하며 “심한 장애 아니어서”","‘하반신 기능 장애가 심한 장애인으로 장애인콜택시 이용을 제한해서는 안 된다’는 대법원의 최근 판결에도 불구하고, 장애인콜택시를 운영하는 서울특별시 산하 서울시설공단이 여전히 기존 잣대로 중증 장애인 이용 신청을 거부한 것으로 드러났다. 중앙지법 민사50부(재판장 이상훈)는 오는 16일 중증...",한겨레,https://n.news.naver.com/mnews/article/028/0002796045?sid=102,2026-07-27 11:51:21
장애인콜택시,서울특별시 장애인 콜택시,"“국내 최초 ‘장애친화병원’, 장애인 진료 환경 개선의 중심에 설 것...","이 사업엔 서울특별시 동부병원, 이대목동병원, 분당서울대병원(경기남부지역장애인보건의료센터), 경기도의료원 수원병원, 원광대병원... “실제 장애인 콜택시 등 이동수단 제공이 가능한지 문의도 많고 어떤 장애인 환자의 병원 방문일은 에 사는 자녀들이 모두 연차를 내고 고향을 방문하는 날이기도 할...",한겨레,https://n.news.naver.com/mnews/article/028/0002800976?sid=103,2026-07-27 11:51:21
장애인콜택시,서울특별시 장애인 콜택시,"'장애인의 발' 콜택시 개선책은…권익위원장 ""이동권 보장 노력""","권익위를 비롯한 국토교통부, 서울특별시, 서울시설공단 등 정부 부처와 유관기관 관계자들은 의견을 청취하고 해결방안을 집중 논의했다. 유철환 국민권익위원장은 ""장애인콜택시 이용이 증가하고 있지만 이용대상 및 이동 지역의 제한, 긴 대기시간 등 여전히 이용에 불편을 겪고 있다""며 ""정부와...",뉴스1,https://n.news.naver.com/mnews/article/421/0007525288?sid=100,2026-07-27 11:51:25
장애인콜택시,서울특별시 장애인 콜택시,"법원, 서울시의 장애인 차별행위 중지 임시조치 선고",서울특별시가 구별되어야 하는 이유를 서울시가 제시한 바 없다고 지적했다. ▲ 실제 서울시설관리공단 누리집에서도 장애인콜택시 이용기준에 대해 '보행상 장애가 있는 장애정도가 심한(기존 1~3급) 장애인'으로만 안내하고 있는 것으로 확인된다. 시가 소송과정에서 보행장 심한장애를 주장하고...,오마이뉴스,https://n.news.naver.com/mnews/article/047/0002430944?sid=102,2026-07-27 11:51:30
장애인콜택시,서울특별시 장애인 콜택시,‘심한 보행장애 아니다’며 장애인콜택시 이용 거부한 서울시…법원 “...,11일 법조계에 따르면 서울고등법원 민사9부(부장 성지용)는 최근 장애인 A씨가 서울특별시와 서울시설공단을 상대로 제기한 장애인차별중지 등 소송에서 원고 일부 승소 판결했다. 재판부는 A씨가 장애인콜택시를 이용할 수 있도록 허가하고 300만원의 정신적 손해를 배상하라고 했다. 시설공단은...,헤럴드경제,https://n.news.naver.com/mnews/article/016/0002265289?sid=102,2026-07-27 11:51:30
장애인콜택시,서울특별시 장애인 콜택시,서울시 장애인 의무고용률 높인다…저상버스·콜택시 확대,"장애인 인권증진 기본계획은 '서울특별시 장애인 인권증진에 관한 조례'에 따라 5년마다 수립된다. 향후 5년간 서울시 장애인 인권정책의... 시는 서울 지하철 모든 역사에 엘리베이터 설치에 나선다. 올해 2개, 2020년 5개, 2021년 2개, 2022년 17개를 설치해 100%를 달성할 예정이다. 도...",뉴시스,https://n.news.naver.com/mnews/article/003/0009147464?sid=102,2026-07-27 11:51:37
장애인콜택시,서울특별시 장애인 콜택시,4년 안에 서울 절반 저상버스·장애인 콜택시 서비스 확대,서울시 '교통약자 이동편의 증진계획' 발표…장애인 콜택시 확대 서울 시내버스 세 대 가운데 한 대꼴인 저상버스가 4년 안에 두 대 중 한 대꼴 이상으로 늘어나고 장애인 콜택시 서비스도 대폭 확대된다. 서울시는 이런 내용을 담은 ‘제2차 서울특별시 교통약자 이동편의 증진계획’(2013∼2017)을 수립해 2일...,서울경제,https://n.news.naver.com/mnews/article/011/0002447167?sid=102,2026-07-27 11:51:37
장애인콜택시,서울특별시 장애인 콜택시,서울시 내년 예산 역대 최대 47조...장애인 등 취약계층 집중 지원,"저상버스?장애인 콜택시도 확대해 교통약자의 이동권을 강화한다. 스토킹 피해자에게 전문 경호업체를 배치해 출퇴근 길 위험을 방지한다. 법률소송, 심리치료 등을 종합 지원하는 ‘원스톱 지원사업’도 시한다. 5조원 펀드 조성해 혁신산업 투자…‘그레이트 선셋 한강 프로젝트’ 본격화 시는...",매일경제,https://n.news.naver.com/mnews/article/009/0005038615?sid=102,2026-07-27 11:51:37
장애인콜택시,서울특별시 장애인 콜택시,4인승 콜택시·14인승 미니버스 도입…서울 장애인 교통편의↑,"서울의 장애인콜택시 등 특별교통수단은 법정기준대수(444대)를 조금 넘어선 446대에 이른다. 특별교통수단 차량 외에도 장애인콜택시 이용대상 중... 자세한 문의는 서울특별시시설관리공단(1588-4388), 인터넷(http://calltaxi.sisul.or.kr). nevermind@ [ⓒ 뉴스1코리아(news1.kr), 무단 전재 및 재배포 금지]",뉴스1,https://n.news.naver.com/mnews/article/421/0001098961?sid=102,2026-07-27 11:51:44
장애인콜택시,서울특별시 장애인 콜택시,"서울시설공단, 20일 장애인콜택시·장애인버스 무료운행 시행","있는 장애인을 대상으로 운영하며, 구체적으로 기존1~3급에 해당하는 장애인이 이용 대상이다. 이번 장애인콜택시 무료운행과 함께 공단은 중증장애인을 포함한 단체가 장거리 여행 등에 이용할 수 있는 ‘서울 장애인버스’ 2대를 20일부터 26일까지 무료로 운행한다. 기간 중 버스 이용은 ...",이코노미스트,https://n.news.naver.com/mnews/article/243/0000025519?sid=101,2026-07-27 11:51:44
장애인콜택시,서울특별시 장애인 콜택시,"전장연, 지하철 '오체투지' 투쟁 재개…""장애인 권리 예산 확정하라""","추 후보자는 장애인 콜택시 등 교통약자를 위한 특별교통수단 운영에 국가 보조금이 지원될 수 있도록 관련 시행령을 개정하겠다고 답변하였다. 그러나 추 후보자는 전국장애인차별철폐연대(이하 전장연)에서 요구했던 국고 지원 비율( 50%, 지방 70%)이나 예산 범위에 대한 구체적인 답변은...",프레시안,https://n.news.naver.com/mnews/article/002/0002241957?sid=102,2026-07-27 11:51:45
장애인콜택시,서울특별시 장애인 콜택시,'배리어 프리' 장애인 차별 없는 복지국가 독일의 오늘,"장애인들을 두 번 울게 만들었다. 서울시는 이미 2015년 12월 3일 '장애인 이동권 증진을 위한 서울시 선언'에서 2022년까지 ""서울메트로와 서울특별시... 그렇다면, 서울시 장애인 콜택시를 이용해서 외출하려는 장애인이 실제 차량에 탑승하기까지 기다려야하는 시간은 얼마나 될까? 답은 '평균 2시간 이상'이다....",프레시안,https://n.news.naver.com/mnews/article/002/0002089670?sid=110,2026-07-27 11:51:53
장애인콜택시,서울특별시 장애인 콜택시,서울시의회 황준환의원 “공기업 장애인 고용 형식적... 3&서 5%로 확대 ...,3%이지만 ‘서울특별시 장애인고용촉진 및 직업재활 지원 조례’ 5조에 의하면 최대 5%에 달할 수 있도록 노력하여야 한다는 조항을 예로 들어 서울시... 맞게 장애인 일자리 창출을 늘리려는 노력이 필요하다”고 강조하면서 의무고용에 대해 시의 선도적 역할을 주문했다. 이어 ...,서울신문,https://n.news.naver.com/mnews/article/081/0002776177?sid=102,2026-07-27 11:51:53
장애인콜택시,서울특별시 장애인 콜택시,"서울시, 장애인콜택시 이용요금 조정…단거리↓ 장거리↑","또, 이와 별도로 장애인전용 개인택시를 50대 운영하고 있다. 서울시 장애인 콜택시 이용요금 관련 문의사항은 운영기관인 서울특별시시설공단(1588-4388)으로 문의하면 된다. 이세중기자 (center@kbs.co.kr) ▶ [저작권자ⓒ KBS 무단복제-재배포 금지]",KBS,https://n.news.naver.com/mnews/article/056/0010351915?sid=102,2026-07-27 11:51:53
장애인콜택시,서울특별시 장애인 콜택시,"박기열 서울시의원, 장애인식개선 위해 동작FM 방송 출연","2배 비쌌다”고 설명하며 “2014년 12월 ‘서울특별시 장애인 생활·이동지원시설 지원 조례’ 제정을 통해 장애인 콜택시 요금과 동일하도록 인하해 조정했고, 전국 최초로 ‘서울특별시 장애인 생활·이동지원시설 지원 조례’를 제정해 교통약자를 위한 정책에 힘써온 공로를 인정받아 ‘제3회...",서울신문,https://n.news.naver.com/mnews/article/081/0003178787?sid=102,2026-07-27 11:52:02
장애인콜택시,서울특별시 장애인 콜택시,"종로구, 장애인가정 출산지원금 150만원 확대","구는 취약계층인 장애인가정의 경제적 부담을 줄이고, 출산과 육아에 도움을 주기 위해 ‘서울특별시 종로구 장애인가정 출산지원금 지원 조례’ 를... 평가하는 ‘장애인 서비스 지원 종합조사’가 도입돼 ▲올해는 장애인 활동지원, 보조기기 지급 등 일상생활 지원 분야 ▲2020년에는 전용 ...",아시아경제,https://n.news.naver.com/mnews/article/277/0004499505?sid=102,2026-07-27 11:52:12
장애인콜택시,서울특별시 장애인 콜택시,교통복지지수 경북 전국 17위 꼴찌 대구 15위…장애인 등 이동불편,"경북은 장애인 콜택시 등 교통약자들의 특별교통수단 이용률과 보급률이 전국 꼴찌로 나타났고, 저상버스 보급률도 17곳 중 끝에서 두번째로 낮다. 대구는 노인층과 어린이들의 교통사고가 가장 많은 지역이며, 장애인 이동편의시설과 특별교통수단 보급률도 최저이다. , 부산 등 와 광역시...",한겨레,https://n.news.naver.com/mnews/article/028/0002382620?sid=102,2026-07-27 11:52:13
장애인콜택시,서울특별시 장애인 콜택시,박기열 서울시의원 ‘시각장애인 재활복지대회’서 감사패 받아,이용하는 “장애인 콜택시”에 준하는 수준으로 조정하도록 하는 ‘서울특별시 장애인 생활⋅이동지원시설 지원 조례안’을 대표발의하여 내년부터 시각장애인이 이용하는 차량 요금이 실질적으로 인하될 전망이다. 박 위원장은 “이번에 감사패를 받은 것은 시각의 권익보호에 보다 힘쓰라는...,서울신문,https://n.news.naver.com/mnews/article/081/0002618618?sid=102,2026-07-27 11:52:13
장애인콜택시,서울특별시 장애인 콜택시,"""장애인은 택시 타려면 2시간 기다리라고?""","▲ 24일 오후 서울장애인차별철폐연대, 장애인이동권연대, 서울장애인자립생활센터협의회 소속 장애인 30여 명은 서울특별시청 서소문 별관 앞에서 기자회견을 열고 ""서울특별시는 2009년에 장애인콜택시 80대를 우선 도입하라""고 요구했다. ⓒ프레시안 ""한 번 타려면 4시간 기다리기도"" 지난 2007년 5월 제정된...",프레시안,https://n.news.naver.com/mnews/article/002/0001944539?sid=102,2026-07-27 11:52:13
장애인콜택시,서울특별시 장애인 콜택시,장애인과 함께하는 '반려 앱' 31개,"시각장애인 원격생활안전 서비스 엔젤아이즈 ‘엔젤아이즈’는 서울특별시가 시각장애인을 위해 만든 원격생활 안전 앱이다. 웨어러블 카메라와 앱을... 특히 정보알림 서비스를 통해 전동휠체어 급속충전기 위치가 어디 있는지, 화장실 설치 여부, 정보 등을 받을 수 있다. 난독증...",블로터,https://n.news.naver.com/mnews/article/293/0000021939?sid=105,2026-07-27 11:52:13
장애인콜택시,서울특별시 장애인 콜택시,장애인의 날 행사 다채,청계천광장서 문화축제 서울전역서 콜택시 무료…장애체험 마라톤도 열려 서울특별시와 한국장애인단체총연맹은 20일 오전10시부터 오후9시까지 서울 청계광장에서 ‘장애인의 날 서울시민 문화축제 개성마당’을 개최한다. ‘개성마당’은 장애를 차별의 요소가 아닌 ‘다름’ ‘개성’으로 보아야...,서울경제,https://n.news.naver.com/mnews/article/011/0000179090?sid=102,2026-07-27 11:52:24
장애인콜택시,서울특별시 장애인 콜택시,"오텍, 16억 장애인콜택시 공급 계약",오텍은 서울특별시시설관리공단에 16억원 규모의 장애인 콜택시 공급키로 계약했다고 12일 공시했다.,머니투데이,https://n.news.naver.com/mnews/article/008/0002263865?sid=101,2026-07-27 11:52:25
